id,target
0,0.6691785726828117
2,0.5479344231474095
3,0.7611844239096863
9,0.6084446117513481
11,0.8957184867481252
12,0.8806984623191828
21,0.2132303138142921
22,0.229009685895684
27,0.21516092659806438
29,0.10964719692240385
30,0.2031167172504174
35,0.24192173683242732
42,0.272324990013518
43,0.38408775657048116
45,0.21376730011742132
46,0.5294714212472499
47,0.3068288175214349
51,0.5205504446403324
58,0.2420937852167171
60,0.2780764442572588
69,0.2370801124453655
70,0.3092549306975841
72,0.15359819054754356
75,0.5808465353524915
84,0.46693490166283474
87,0.48225065872684325
88,0.15703922657865987
90,0.4070855509300511
94,0.187934111813743
99,0.689022370564167
101,0.11249730452028088
103,0.4206090257442519
106,0.681031810687384
108,0.3882496552664757
111,0.7014732495794912
115,0.22154746436487163
116,0.5686612733400535
122,0.27748001004026535
123,0.15880865345372025
124,0.6016764489309052
125,0.2526029256324423
127,0.5280929058668891
140,0.4556143465351993
142,0.5914985751885744
147,0.11470839472984713
148,0.3616338908750452
150,0.2817454839410638
152,0.16298849094475326
154,0.2690627475045253
155,0.16298849094475326
166,0.3382733472596804
167,0.08184654388932705
169,0.6588330548461143
177,0.16298849094475326
179,0.1916218923747035
181,0.2809767902742516
186,0.3673342221428642
188,0.17500675237936672
189,0.1754897097918328
192,0.1916218923747035
200,0.5603886496042758
202,0.3536758506082065
206,0.6130762788794676
207,0.7351792588726308
214,0.7050543205829091
217,0.7554862261893582
223,0.30393704466859145
224,0.7885013866188768
227,0.6821328598427845
228,0.43234748939830586
230,0.5659591366112515
233,0.566507090484941
234,0.8611305652904114
236,0.8625214755413705
239,0.8611305652904114
250,0.869726457031305
255,0.29092097628785935
257,0.22134193744678285
259,0.2830244956562333
275,0.8109832582812203
278,0.31624605068545736
282,0.28893961232681514
284,0.32659167546916124
286,0.4362641905372939
288,0.869726457031305
292,0.4926507504558272
295,0.307674416160753
300,0.3009240857831466
304,0.7039976370670584
305,0.7039976370670584
306,0.3838260109046784
308,0.18229871748966378
311,0.30125978002187404
317,0.39580607855482974
319,0.4375085767656044
323,0.22785371604605048
324,0.23618717616141413
325,0.3819194362895413
326,0.4154535169345291
333,0.29228371266489717
339,0.27834050325660925
342,0.19869983491056864
343,0.35576026539895267
350,0.33566076098565495
351,0.3456181441026803
357,0.31829814626988906
359,0.3889911761885814
362,0.12887801259852188
366,0.5013463665852862
367,0.3889911761885814
369,0.3889911761885814
373,0.35983367997660287
374,0.4492647596434467
376,0.2346349484395576
377,0.3889911761885814
378,0.3889911761885814
379,0.3694916648814805
382,0.3889911761885814
385,0.3889911761885814
387,0.3996669761846802
388,0.3889911761885814
391,0.3889911761885814
392,0.3889911761885814
395,0.3889911761885814
399,0.20156013146542967
400,0.18353533471296501
403,0.16188876147000913
405,0.37871752050780033
408,0.1662086390605531
411,0.3123384014845133
414,0.1979466528320529
416,0.2381699946957458
417,0.47164896088206537
422,0.2648789892995223
425,0.1774097155013219
428,0.26728650782673113
430,0.1649630327317122
431,0.2147148135938252
433,0.4661995930776185
434,0.16188876147000913
439,0.3971324643981699
441,0.16188876147000913
449,0.26348872075321317
458,0.17019368199381077
460,0.18540364979341578
464,0.31399751931647596
473,0.4271991311443283
488,0.14617509277618856
491,0.16107814342436383
494,0.6427239049526976
497,0.21326860230994832
500,0.5472293120693213
505,0.21364488875746848
507,0.16828626206492742
508,0.17048122016469489
510,0.22093037541362823
511,0.18155260303037996
515,0.5034692331520582
525,0.36930550464742007
529,0.21364488875746848
532,0.21364488875746848
534,0.21364488875746848
537,0.2637931688078973
539,0.3817558581893755
541,0.21364488875746848
545,0.22093037541362823
547,0.77429198649259
548,0.8632747364219878
549,0.7981570475069731
553,0.8766364687387752
554,0.34796088942310655
555,0.6438596471152526
557,0.5929619111814541
562,0.5083403552125011
566,0.46483369662617063
572,0.5252567747398753
573,0.5866137658709357
582,0.5161652877969396
586,0.7527859638224909
587,0.33079908472832165
590,0.8632747364219878
591,0.2525845792015908
593,0.3094143403118437
595,0.5929619111814541
596,0.5494626717725174
597,0.23583421183988143
601,0.2739158419942928
602,0.4036581459134745
605,0.7758840041436289
610,0.6410735255331386
616,0.42913001596143696
618,0.2610209959431485
620,0.7036620015511932
626,0.3095769271755227
627,0.14648133683380954
629,0.22789644950381863
632,0.6230071939498191
634,0.4966656293494413
639,0.36890145905490257
645,0.8632747364219878
647,0.6810307409973151
648,0.1487617186742193
650,0.45288301355224425
663,0.43042292439144425
666,0.6999641223642435
668,0.33187550572801444
670,0.4601055925754953
673,0.706731698555018
676,0.4136137342635089
678,0.2094119085729952
692,0.2453363053522596
693,0.5274113733825022
694,0.21247448059781876
695,0.31659888608976505
696,0.7996282994859853
698,0.3128490524522432
701,0.27711366442057955
703,0.874759703464682
707,0.874759703464682
708,0.818442163215878
711,0.874759703464682
715,0.874759703464682
718,0.28594567189397685
722,0.37676317467579656
723,0.45611673638322486
733,0.874759703464682
741,0.8883279672553341
742,0.874759703464682
743,0.688956890945882
747,0.2604915796845365
749,0.3814803044487983
750,0.1776530753698774
756,0.1542963797768684
757,0.4444950952869155
760,0.12313445055015587
764,0.27084847648306726
765,0.3527768541933589
766,0.3194626621058193
768,0.3993955911416191
769,0.20177822891125094
771,0.21431563995744354
772,0.26156622984323297
776,0.22130678990963093
778,0.2831841557134336
780,0.5068097186241449
785,0.25816872287120846
789,0.27243577741078356
792,0.14488611993552547
793,0.23258317121251584
811,0.4238643541256659
813,0.2547183134076893
816,0.26895555694313117
821,0.2034123132126035
824,0.24752787310904306
825,0.22391531672998635
827,0.3071995218220491
830,0.6069400523146912
831,0.5801995705507339
839,0.5801995705507339
844,0.35459039137354725
847,0.6087670515290929
850,0.4551865866875968
854,0.6087670515290929
855,0.5431739256021899
858,0.5605497766886852
861,0.6087670515290929
862,0.38868338204213787
865,0.6022433638657965
869,0.6463353419506795
879,0.5452552407081891
880,0.6817296700694269
887,0.4652730733473251
889,0.6054722995806527
897,0.5459137163493343
900,0.5053786587581715
901,0.43962231150967157
904,0.5103313310204551
908,0.32189116525347083
909,0.32848521599272856
910,0.6054722995806527
913,0.5584585951745672
914,0.5755548829064504
917,0.6729938957243788
918,0.6054722995806527
920,0.5688396260552828
922,0.5088899622698875
924,0.5088899622698875
925,0.22798952532591896
927,0.46036102550556934
933,0.2985489798471105
937,0.2308874039051113
943,0.3155685930359948
949,0.3435083652967038
950,0.5460265227332959
954,0.12426956764671541
966,0.3131145174108903
967,0.275801681618547
969,0.13164602675116951
970,0.5986204856119353
973,0.12325361233822821
975,0.4098965170912009
980,0.2946992809290754
988,0.06190358641886443
989,0.15943209341558504
995,0.21922277448072797
1000,0.16154104506834804
1003,0.18262388290353984
1007,0.18202908210458246
1011,0.3111022083629635
1012,0.2495300429028969
1013,0.38213429223625595
1014,0.15472294086126928
1016,0.9241177524179034
1019,0.2068567408427964
1025,0.22817076311573792
1027,0.3111022083629635
1028,0.7707972754281516
1030,0.15211421733049887
1033,0.5138897087147403
1034,0.3174751969166127
1039,0.0488343272901893
1046,0.26861072414746173
1047,0.3044712323501118
1053,0.2595474490970313
1055,0.27001983866444124
1056,0.22639716809115343
1059,0.40129047286037695
1060,0.18547337939079883
1063,0.2531081196981574
1064,0.26916684317880624
1068,0.19066639305052263
1076,0.15265038297650177
1086,0.18444909774389665
1087,0.18005788820384774
1089,0.12641486248177164
1092,0.20774566679902745
1095,0.27780914417415575
1096,0.1786646073979784
1097,0.13559011468741708
1100,0.11540602368118189
1101,0.1345205172952004
1107,0.16851520057605437
1108,0.14195972643441482
1111,0.14743081977980071
1115,0.16975718934020537
1116,0.20667016043083705
1121,0.1343828606587364
1125,0.19790526009671663
1127,0.3447792051521789
1131,0.25840787862813935
1133,0.5265235303617599
1135,0.20196377352534337
1137,0.306460924576063
1140,0.16957366777869698
1144,0.15490401937341844
1147,0.3773284215080075
1148,0.2427916590672117
1150,0.21287089027433104
1158,0.13894343331592474
1159,0.17657837177741215
1161,0.19985042907232844
1163,0.20654996489084715
1165,0.3059736377655448
1169,0.2143632042245061
1171,0.23713799140480926
1172,0.2959132189571135
1176,0.19697217104826864
1180,0.28184569752652894
1184,0.28591991579928877
1186,0.32929797038582526
1187,0.1840827835300491
1192,0.15414034599910842
1193,0.5515657901781378
1194,0.2376790844516957
1197,0.21824151642370782
1200,0.20203615605709963
1205,0.31582182336467285
1210,0.1614079429650955
1216,0.27813769733123517
1220,0.1706026434306922
1231,0.2139517639410684
1233,0.17251558924694746
1246,0.2941913912795471
1247,0.2728554817589962
1248,0.07814200000462346
1255,0.1912551004108355
1256,0.26371248983477447
1257,0.37257979339339825
1258,0.22802253976651804
1260,0.2645956166795378
1261,0.08064208593038959
1265,0.3600248704904745
1266,0.17437830091153464
1268,0.3598186318904026
1274,0.2048675368611736
1281,0.15525674590915742
1285,0.2935126904972239
1286,0.33811655015382686
1291,0.2540620448724975
1292,0.059844373446359664
1295,0.09545514293627559
1299,0.2514935048888531
1306,0.10834182709149554
1310,0.21791735555754704
1311,0.09249978138832059
1313,0.14163757767527865
1314,0.29027978562238493
1322,0.2198065902746363
1323,0.44683250013327086
1325,0.14410229904364538
1329,0.26119933764479536
1330,0.16715521603641986
1333,0.09554045008581667
1336,0.17217191014955843
1339,0.13510540984216524
1342,0.13129164371961397
1344,0.25134179783918525
1355,0.8889612705850701
1357,0.1359435325394499
1358,0.26961234334558043
1359,0.178318574662271
1364,0.20150310059669888
1366,0.26038155387052764
1367,0.21568545352105994
1370,0.6002236737759922
1373,0.19778120490990114
1377,0.16344822527525701
1386,0.1213587018620025
1387,0.30340101587807417
1392,0.13958398084004667
1397,0.11331267700461212
1398,0.3301501823382218
1400,0.1265185654195279
1403,0.13996501343394385
1404,0.11089374250512785
1410,0.10626598842548517
1413,0.3301501823382218
1416,0.140202538689006
1417,0.07062792931894696
1423,0.18974227650997122
1424,0.140202538689006
1426,0.07592840384133265
1427,0.31807053950288466
1428,0.16674182130187437
1430,0.1575043231372961
1434,0.15318211040697072
1435,0.15956181843187836
1437,0.2021992044277069
1438,0.08877086758867715
1442,0.20786566751691354
1446,0.17818498894571488
1451,0.15232293038257577
1457,0.4302524672073873
1461,0.13918877280723374
1462,0.07485775549071616
1465,0.17411405823428946
1468,0.06858930760070839
1469,0.17442384915157447
1471,0.21613644855954112
1476,0.2721864954463593
1478,0.18268496343950733
1481,0.12911128552905798
1489,0.05491903004244989
1490,0.06154515462416096
1492,0.2411894049903769
1496,0.11272798662128206
1512,0.26897815047102885
1516,0.21887626959451628
1517,0.16486392651352186
1528,0.1804402357425623
1529,0.7817634244809516
1536,0.8884117993215543
1539,0.38713473240457413
1541,0.3760573148912122
1542,0.8350888407711563
1548,0.8215864514336173
1550,0.540465632707782
1551,0.46580918931040954
1552,0.5659296222947677
1557,0.9298281335156015
1563,0.2964470506860844
1564,0.28189840668364546
1565,0.23934680605672187
1566,0.7972883002844657
1571,0.8350888407711563
1578,0.26024361859604866
1581,0.3888196008306992
1583,0.36228127364116286
1584,0.3732343229577799
1586,0.8709261077062549
1589,0.8318631837240287
1592,0.7061176580453459
1598,0.8333867024204221
1606,0.27099531797547277
1612,0.27462892287814655
1616,0.4918683239851032
1620,0.2014341557882701
1624,0.33638717197685836
1629,0.8887499832186554
1630,0.6386671749402127
1635,0.8731686733981612
1640,0.9216400304876312
1641,0.9143557519675689
1642,0.8297453020579985
1651,0.8535556572574272
1655,0.9082354403981109
1656,0.8763428267646264
1659,0.9202896068638984
1664,0.9154958936385851
1667,0.9216400304876312
1668,0.9170260631862697
1674,0.7128137936182951
1678,0.31469083307143375
1680,0.7940299147232912
1681,0.7031963675139782
1682,0.7365849530217391
1685,0.4990603934443323
1695,0.8405076146863796
1696,0.6409659399644004
1697,0.42779030723157
1704,0.5484225523813913
1708,0.5725258302893862
1711,0.693486687083128
1713,0.6916602554873508
1714,0.5504977040711754
1717,0.7303430968603958
1729,0.5422263573387137
1730,0.3314386159399036
1732,0.6102051389724762
1734,0.4407934633402542
1736,0.26558728697242817
1738,0.4261332568846444
1742,0.4456845095264682
1743,0.6787395381762171
1746,0.34056117464835745
1748,0.7580020489807976
1749,0.5446283599110777
1751,0.5826159056690143
1758,0.410478406094129
1764,0.8214718408103898
1765,0.4889742194105382
1777,0.6730933306888821
1778,0.38639957129595065
1781,0.510512972951341
1782,0.7690111662198386
1783,0.6461318303582785
1785,0.6413081771574138
1788,0.746913405009196
1793,0.9109607863040875
1794,0.47362297916387264
1795,0.7931463727882767
1797,0.8559768763366786
1800,0.8342933116273812
1801,0.8699304830115223
1805,0.6879265311100836
1806,0.746913405009196
1819,0.7588319539319658
1820,0.7348302303089151
1825,0.5583333086063945
1828,0.34698997711139484
1829,0.3905654731585936
1830,0.27157196885467927
1839,0.6543427197095731
1843,0.2659038269356832
1844,0.22165982644411086
1846,0.2883264921309949
1849,0.35184152752721903
1850,0.20664455841325477
1854,0.1973515069065874
1855,0.21173245350799985
1858,0.38344707846146514
1859,0.19389409894780754
1862,0.25368330332751077
1867,0.3792252690589882
1868,0.20097581364456166
1871,0.6303969678073198
1872,0.24316563703523764
1874,0.6217846177945303
1876,0.26458680484946256
1879,0.19931839026092205
1884,0.5014051117552121
1891,0.3763357930056783
1894,0.21523342627144565
1896,0.5780485466770242
1902,0.16772960878150292
1903,0.35125676214642726
1904,0.38696608833691043
1906,0.5167307020471976
1907,0.407938448691282
1912,0.16348452831237334
1913,0.22984855514901573
1923,0.9082312026093108
1926,0.46636321882779846
1928,0.606234811237849
1930,0.7045176704170248
1931,0.41298747233735855
1934,0.3501118855217912
1936,0.6152554357147352
1944,0.759499345401244
1946,0.46758060904427257
1947,0.4889742194105382
1958,0.5458321161252286
1964,0.494828740492707
1970,0.584262566882462
1974,0.6399617901765284
1977,0.8333551337138247
1978,0.7894231549559769
1982,0.723550227131172
1984,0.844379548371255
1988,0.8247250540042355
1993,0.39693466554330026
1997,0.7224486856827008
1998,0.723550227131172
2002,0.5596294399073667
2004,0.7567471983703222
2005,0.6742358035289795
2008,0.3996881756425672
2011,0.7385306147793782
2013,0.3554818574147367
2018,0.5397647676250339
2021,0.6625469242049453
2025,0.21099480236618223
2029,0.7947004951267765
2030,0.7385306147793782
2032,0.35023557705748604
2037,0.7185208844623013
2041,0.3930015395507881
2044,0.7183923398076355
2048,0.5397647676250339
2052,0.4066838494808696
2053,0.47957364375224737
2054,0.8414832793047112
2062,0.5779882787253635
2065,0.4666495376912787
2066,0.4966114485310985
2072,0.7341762888587701
2079,0.5485178965506973
2080,0.39647136306456676
2085,0.2753727901584523
2088,0.6117153047743142
2090,0.4054872572989118
2092,0.6169755607301294
2093,0.39885572375375156
2101,0.43013174958978184
2104,0.30742105094837535
2105,0.21279694574264102
2106,0.6119511506151482
2107,0.4679311979015278
2120,0.5284902284284099
2124,0.4390809316960401
2127,0.23285744112824386
2130,0.3536114364992884
2132,0.28596124795062244
2135,0.19743303512437288
2137,0.532144229698864
2140,0.15507883806394845
2143,0.44772838466446657
2147,0.26227027012716336
2151,0.3218855105454752
2152,0.4262406794973145
2155,0.3885833554356879
2156,0.21218464461374248
2162,0.3417119931906034
2165,0.46613494565970504
2166,0.4471313729419564
2167,0.5198559948774476
2168,0.264643746530469
2170,0.3286529477850366
2178,0.8431092137438515
2180,0.4696673871711176
2182,0.4647821877084018
2184,0.2374617215228786
2185,0.46348534636433075
2187,0.3192753611747742
2196,0.3591983715613687
2197,0.6814981048180064
2199,0.4708106793125201
2200,0.30820612458540003
2201,0.2781495731876116
2202,0.5421485987863718
2206,0.4647821877084018
2208,0.46674791961202544
2218,0.284452560116908
2223,0.6517844735109033
2224,0.7338870650535549
2226,0.5003664445524146
2228,0.46367108630672194
2232,0.46367108630672194
2234,0.6242749041479009
2243,0.5711191289506024
2247,0.3751003893894305
2249,0.46367108630672194
2252,0.5300534177796382
2253,0.7620708483069553
2259,0.41972697662154584
2261,0.28230095364559865
2264,0.2354326523238282
2268,0.2907385879846793
2269,0.2907385879846793
2270,0.25788455894589246
2276,0.6233805691654076
2283,0.3733651383313466
2287,0.2340682795506429
2290,0.304787289236287
2291,0.26222053311090643
2293,0.13206536911067343
2295,0.19115881525089573
2302,0.3592632344087719
2305,0.4571050883279914
2310,0.6372265770015428
2313,0.4225241225291082
2316,0.4225241225291082
2320,0.2618803012394779
2322,0.4571050883279914
2323,0.6750734522802576
2326,0.33911000961830096
2328,0.6461018809523218
2331,0.2696053661106517
2335,0.8115917648975327
2338,0.3357545501581588
2343,0.47080377575364446
2344,0.4225241225291082
2345,0.5094429214301447
2353,0.66420460132034
2355,0.4460790640488545
2357,0.24941517384977424
2360,0.819517792684153
2365,0.3165989028782004
2369,0.258326919414769
2371,0.307990334342668
2378,0.431366087057563
2380,0.6974097950081402
2381,0.4670175974705558
2383,0.7728035842328068
2384,0.3130123937619792
2392,0.5397377791863244
2393,0.4513536784886679
2401,0.32210682561816223
2403,0.41623546046194776
2404,0.21827596537139823
2405,0.2688575747904042
2407,0.2215932525277013
2411,0.17156568085631008
2424,0.16987023069563947
2426,0.26375495039492974
2431,0.23660908897013821
2433,0.31289225549027033
2434,0.19966043282234022
2436,0.38408775657048116
2439,0.24283081222463965
2444,0.24706944294836716
2447,0.26868205195887185
2448,0.15849370153470554
2449,0.1807301467547505
2450,0.22092770065497044
2461,0.529035836870511
2469,0.1822669717841479
2472,0.3028691956001366
2473,0.13013847724950914
2474,0.3015794518359573
2477,0.1877554750460413
2481,0.3571882570050413
2484,0.24930104272766831
2495,0.38930665283856625
2503,0.21181788367165494
2509,0.6513709323539291
2511,0.7649081135406673
2518,0.8026115486459525
2522,0.7450895458085735
2525,0.7548568742421196
2526,0.6863207055102144
2529,0.49168778508531885
2533,0.43350694833255954
2549,0.2480060101286989
2551,0.2685387055705867
2558,0.6567380170709899
2562,0.7312405300452884
2563,0.3953721064994937
2567,0.32484723418485123
2574,0.7340587200846082
2577,0.703073095507845
2578,0.38408775657048116
2580,0.4915098562613523
2581,0.35589537232503554
2583,0.6308224623493295
2584,0.25267515805360913
2586,0.5451325195606844
2589,0.6505809678470214
2595,0.35231475402614104
2596,0.4736930189256654
2600,0.736227900687298
2601,0.46799284671990465
2607,0.40651664955853345
2610,0.35232064636023486
2613,0.22030787138148528
2615,0.5609269675941775
2618,0.4492367818888087
2620,0.3659929317381756
2623,0.8092234432815517
2626,0.29185245976354246
2630,0.5299086816965671
2634,0.8219126400792902
2636,0.7017024594044611
2638,0.27751752958934667
2639,0.5800890421796333
2646,0.36920738407046466
2650,0.7564034904163546
2652,0.44476881252917494
2653,0.1798545865092823
2654,0.18811576429398918
2662,0.20925153087643383
2665,0.2178513262636445
2669,0.19780977924855375
2674,0.15070618475111885
2678,0.33167666880478136
2681,0.16108558283426377
2685,0.06480905986187692
2686,0.21993968388550728
2690,0.24642165739563676
2697,0.2510300051820719
2699,0.31258127226537763
2704,0.22274040734238248
2705,0.298932164615658
2710,0.30087690573659903
2712,0.22000341031502027
2713,0.07173986884657096
2716,0.1015811307610466
2717,0.32328212043279914
2718,0.11866396201209653
2721,0.09455440098302183
2722,0.19238101349071682
2735,0.11998562834930998
2737,0.21252645298990128
2738,0.1515772651336903
2742,0.31035786724588776
2745,0.22068186117462285
2746,0.16794530821804773
2747,0.1178785815707456
2750,0.1783244400304423
2751,0.09002599528704709
2754,0.21264263365622732
2762,0.578470807234662
2764,0.16361248667922426
2772,0.17208667240860018
2775,0.1487106206266813
2776,0.09544009727057601
2779,0.07909403607480393
2781,0.055642569950215284
2789,0.27797549043161496
2790,0.22914192471848324
2791,0.20780664847570948
2798,0.24544721918166096
2800,0.22914192471848324
2804,0.5584248007769895
2805,0.37747865259038693
2806,0.4955570374474277
2809,0.46216570556932707
2810,0.64898657538366
2812,0.6469384822341336
2814,0.81227214217422
2816,0.478019383304912
2818,0.6469384822341336
2823,0.28507441913942644
2824,0.7446654006060409
2834,0.6393961902836699
2837,0.4269704552741701
2840,0.47223019237102815
2845,0.8264506077256258
2847,0.7952901754125058
2848,0.29859459429948193
2850,0.42343340873193086
2859,0.5675591363259336
2862,0.4412010951862739
2868,0.5911505119400916
2874,0.44853259466955664
2876,0.3154376248096138
2892,0.30025194217886336
2894,0.5932317058511778
2897,0.4355958946752891
2901,0.48236682792163116
2903,0.2762028237956729
2904,0.20530148437033968
2906,0.16416735111915362
2914,0.2215061117959461
2918,0.15081019486439115
2919,0.3349708814382393
2923,0.2593345608588171
2926,0.15592709019526474
2928,0.2838917874380063
2930,0.24278483595523193
2938,0.4898530083801642
2940,0.2644600738223228
2949,0.14686684670765054
2951,0.4312086260673427
2958,0.3050093852430447
2961,0.27861778714778396
2962,0.6070268878611916
2964,0.45190618251343834
2966,0.2341211926465156
2967,0.35490381604033394
2968,0.3084079335479986
2972,0.20937089158899905
2977,0.19212596887276895
2978,0.5100371900947234
2979,0.30882967462476935
2981,0.21528782146702258
2985,0.3097207597565548
2986,0.28873149132240644
2989,0.7090505323352992
2994,0.2337407009190017
2996,0.616269039483545
2997,0.2131969934814052
2999,0.23130466434295757
3002,0.3941093623166078
3007,0.4804364722487642
3008,0.13866017483664902
3017,0.23304918464230065
3020,0.27093350230535806
3024,0.66905420673926
3028,0.43912093058186813
3031,0.6111770281958955
3032,0.7205798127171551
3033,0.35016969305765716
3035,0.45700713113891733
3040,0.4815579193577016
3041,0.6459408731263974
3046,0.21913316951671993
3050,0.46160984871441035
3063,0.66905420673926
3065,0.45791886966199774
3067,0.66905420673926
3069,0.39685723363827446
3076,0.45851131835936076
3078,0.3322520706716156
3081,0.4916601126676337
3087,0.5964955113045448
3088,0.6116133382521212
3094,0.3973248296892364
3096,0.5001521354827164
3098,0.42327159988591645
3103,0.5218234909189321
3110,0.7865095274921176
3113,0.7907039875581832
3121,0.8783409220569112
3127,0.8154337014567055
3128,0.6618469469459665
3129,0.901514590105845
3135,0.8793400062320783
3143,0.7875557288952271
3146,0.8133790388926618
3148,0.7204918902299423
3149,0.849921669187542
3151,0.842960069958223
3156,0.12496262162368282
3160,0.16607816938250247
3164,0.37117719701187557
3169,0.20973022625197346
3178,0.23643849559060695
3187,0.18651975365885035
3194,0.19445276631664435
3202,0.5509748156882254
3203,0.1703963227426482
3204,0.24032949343016016
3206,0.6491334194482441
3207,0.13682442237473458
3208,0.16107623330311358
3209,0.7154417604629758
3213,0.15521600246540437
3214,0.2818754807925401
3215,0.14688200981709146
3220,0.15620296683460005
3223,0.1703963227426482
3224,0.139746217229564
3226,0.13743497472009297
3228,0.16137977738584192
3230,0.12944209906725215
3232,0.13597714249204507
3233,0.16812071298350081
3234,0.26430217893364283
3238,0.15031407982243805
3246,0.1647332065299481
3247,0.7237148344310225
3250,0.36659282517220276
3251,0.3553451107658708
3254,0.4670363993542121
3257,0.5731493436812308
3258,0.2892067108190026
3261,0.2806394939500207
3267,0.277997589196641
3268,0.3012239299138716
3269,0.1632522148709728
3271,0.15041778916050227
3272,0.3119014549983763
3273,0.2193757691274555
3279,0.297870038564386
3290,0.3022321289127655
3291,0.27956459891855506
3293,0.37724259569332497
3294,0.17043180920101328
3298,0.21207928583054578
3305,0.5581375894987287
3306,0.3091451840162083
3307,0.1738200302873542
3310,0.25977154133815566
3313,0.285375754367969
3314,0.25977154133815566
3315,0.22491798561849857
3316,0.17459489547127563
3321,0.35016769415901705
3325,0.14759565751151996
3326,0.15339012605740787
3327,0.16813744078340429
3330,0.7829181850978701
3331,0.34366386087241185
3332,0.15801927974310545
3333,0.22824770519093177
3343,0.27990546815085326
3344,0.20682679734531678
3348,0.06892717552835947
3349,0.25977154133815566
3350,0.08414102647132102
3352,0.12991808588730114
3353,0.4688080244140716
3354,0.254531596163875
3358,0.5132570441523414
3360,0.5814154142172746
3366,0.18470948402590856
3371,0.4307824049667947
3374,0.298806351481504
3375,0.26174283980323926
3378,0.47038033924496775
3382,0.5410517968909175
3384,0.1707652199790108
3385,0.5949997035171471
3386,0.2039735276680911
3392,0.49135646847108516
3399,0.4386801149145368
3407,0.24539570605752492
3409,0.24539570605752492
3416,0.9049224375103577
3420,0.13544732139928461
3422,0.8745215180670454
3424,0.24539570605752492
3426,0.8051927654129158
3427,0.44512737886647413
3434,0.4545042051672734
3438,0.24539570605752492
3441,0.6098513724498752
3442,0.5294616351067711
3443,0.28594692485965373
3444,0.5279781640521313
3449,0.44512737886647413
3453,0.8404440502943881
3454,0.31914495876902127
3456,0.7969046982825889
3457,0.5168227560252598
3458,0.8126179521809398
3461,0.8914994784171835
3467,0.351927603782895
3479,0.48169204031331375
3488,0.7540623755635707
3491,0.7369190122264806
3496,0.8143697629525747
3502,0.664317604473431
3507,0.7764860903160927
3511,0.6169158125056512
3515,0.8765524339896081
3516,0.7356533276357352
3538,0.37958558261042114
3539,0.589522593824579
3541,0.7292981591324432
3545,0.6364279361278504
3546,0.8765524339896081
3547,0.6762480704850447
3551,0.864397649972687
3553,0.13730734396045916
3556,0.32726667477848
3558,0.3775184135658242
3559,0.3895599969652586
3561,0.16250117829307711
3562,0.272191976955862
3563,0.2564298056064567
3564,0.2864896670938065
3571,0.25158607428959257
3574,0.10864627441283227
3576,0.25905987848130746
3577,0.3945941803447681
3579,0.44752494806655974
3580,0.49872829836740834
3586,0.15113450501195957
3590,0.20429260603743993
3599,0.1842932842348126
3600,0.2506994461487479
3601,0.1429230129401483
3605,0.3331614785768705
3606,0.20004636589804253
3612,0.22151849160410444
3614,0.20123617324604276
3615,0.2166238175149647
3616,0.2222505027942072
3620,0.31906157107320815
3622,0.20047999459149426
3624,0.08294772509420231
3630,0.23943400133750026
3644,0.2855009355219148
3649,0.2690104558517252
3651,0.2119224609590597
3654,0.19835215695427824
3665,0.2899942495340369
3668,0.1097569548920173
3671,0.1362144465965017
3672,0.17469160733392858
3673,0.23022649193042952
3677,0.23872467548651535
3678,0.28654085786498135
3687,0.22941142533071746
3688,0.12461382119779064
3693,0.4972346278622527
3698,0.24086662408478438
3699,0.32680175416992385
3701,0.7704665797436896
3703,0.17458604923530735
3706,0.2299113600597916
3707,0.4182893675644409
3709,0.5359042532127515
3711,0.6024063418378061
3714,0.3781323804836297
3716,0.19605244615556133
3720,0.7290327878041991
3728,0.39640603320105766
3731,0.36562552250813324
3732,0.14216383089838852
3733,0.3913074321105549
3734,0.30309769829988664
3740,0.5431599747688857
3746,0.2635400679945778
3749,0.2605625638783273
3751,0.28331689905266494
3755,0.20337998026053755
3757,0.23495896692768398
3762,0.4710633904370011
3767,0.2708648075173906
3769,0.3176769662949811
3779,0.22435433409138178
3781,0.2985117821928708
3782,0.3125270107037715
3783,0.43484253413081125
3784,0.5913205571792393
3790,0.2883289425084933
3791,0.4710633904370011
3792,0.7267541619389266
3794,0.2732973533372399
3799,0.3967234089269302
3801,0.3500235929492696
3804,0.3487867785643737
3808,0.3188949525165437
3809,0.2781168355319567
3811,0.2671311534979513
3813,0.21726143834273032
3817,0.30270723136534783
3818,0.239529617342241
3823,0.15240936430627444
3843,0.2477095578961198
3844,0.3500235929492696
3846,0.28763534401637136
3847,0.577449145240791
3852,0.3840364892805623
3854,0.35919998915702567
3856,0.23520964514052276
3863,0.2914378883067962
3865,0.35498399964299093
3867,0.3836296119137785
3871,0.35919998915702567
3872,0.35919998915702567
3878,0.35919998915702567
3880,0.3834715286763962
3881,0.3836296119137785
3882,0.44833363020235034
3883,0.2408412349680248
3884,0.4444803401484391
3885,0.34495172750258435
3886,0.268001436994944
3890,0.38354027050354006
3891,0.4284020261399029
3898,0.8496561657907432
3902,0.23185642889466018
3909,0.4754234521743378
3910,0.21635873765903343
3912,0.2547053255209519
3915,0.8953016861521615
3918,0.331303331530167
3920,0.8953016861521615
3925,0.29777307300500755
3928,0.1904585763065795
3929,0.3366153850494033
3930,0.8953016861521615
3931,0.31884261302684147
3934,0.22187485569482152
3939,0.12463296598382168
3941,0.3361584995473988
3942,0.5418745612276479
3943,0.2522597347786324
3946,0.2753623483549427
3963,0.44249686722927234
3965,0.5590923402808782
3966,0.3949987757840015
3971,0.37471100929620416
3972,0.6919393891593371
3974,0.403414066050915
3976,0.6501663703566121
3978,0.3614195236918326
3981,0.4679328570961103
3985,0.43764294077848526
3986,0.32303816650970424
3987,0.8371664472299627
3988,0.9038374501009908
3991,0.8841600154419299
3999,0.6472161166484948
4001,0.13848969451722967
4002,0.5533263266620162
4004,0.5256021077500179
4007,0.3553861828777311
4009,0.6235663519516583
4013,0.4364770526238373
4015,0.3096329086985882
4016,0.6506550836232692
4023,0.5272787336578705
4031,0.595078317992173
4035,0.4143119387847238
4036,0.4364770526238373
4037,0.25302337968239036
4040,0.8315284960206802
4048,0.647476679230924
4053,0.6731453830806833
4056,0.6731453830806833
4059,0.38504198450223226
4066,0.7108217995899548
4067,0.384102189101583
4069,0.33153456379842744
4070,0.4058628167668585
4071,0.6050014722500672
4073,0.7629711805250221
4074,0.5787881047733943
4075,0.6009200049978337
4082,0.6731453830806833
4090,0.08979721471083969
4099,0.7840184237525122
4102,0.6955856295075495
4106,0.22163722181335643
4109,0.36439708489458955
4110,0.5826623653001535
4115,0.6405342027953657
4118,0.7840184237525122
4120,0.719010023386518
4125,0.6405342027953657
4126,0.62953613266806
4130,0.7723891800840363
4134,0.7840184237525122
4136,0.6279944586544898
4137,0.804310151330762
4144,0.5722915849653183
4148,0.1935518526871702
4151,0.17508353604811244
4155,0.12762088042291705
4162,0.1575029574876765
4165,0.14793017737062675
4169,0.23749618801078157
4174,0.22526883953716584
4179,0.22463161366297807
4185,0.12932751360306052
4186,0.1419153111095064
4187,0.1912292306042096
4188,0.2316469594370752
4190,0.11741788403390456
4192,0.2133061831097425
4193,0.1413665859464825
4194,0.20714492336508392
4195,0.19932830694012474
4196,0.23417312102819807
4207,0.7488859110218896
4208,0.5480711296260311
4215,0.7488859110218896
4217,0.6575575018470815
4222,0.17598430535970938
4223,0.7819542229346967
4226,0.2611968047013133
4228,0.3239123787818062
4229,0.27223843399446496
4231,0.7838438290234062
4234,0.17668552010317856
4236,0.33418536062728
4249,0.12660821259219343
4254,0.3617167205123512
4258,0.4243473284026606
4259,0.17060234555963436
4263,0.25075932827627145
4267,0.07029778954858869
4277,0.3768773178095375
4278,0.19532492334874382
4280,0.19532492334874382
4283,0.2125308186342429
4285,0.33714123513567723
4286,0.33714123513567723
4287,0.19532492334874382
4290,0.4016681336945459
4291,0.19751875923121304
4294,0.3324499077566098
4302,0.6320852878628072
4308,0.6561441475157357
4310,0.21926019019823456
4311,0.7573246619218503
4315,0.6588276836978766
4316,0.1962908452691102
4319,0.4773295651857333
4331,0.5686436668279885
4338,0.5882984306552046
4339,0.6042615344315054
4340,0.5932855317367188
4344,0.5326377260555053
4346,0.8245241081442961
4347,0.7483616050080373
4360,0.7842755983181694
4364,0.9011198386400473
4367,0.7339360785646425
4369,0.46891878107026497
4370,0.6635690722392238
4371,0.41469543585686874
4380,0.7021462598169382
4386,0.52323082106818
4389,0.6373513058445412
4390,0.5927997712426216
4394,0.4250138364868306
4399,0.2490823041082698
4400,0.2555283904931412
4404,0.2906210849464424
4409,0.16573806920126785
4414,0.20637821374588047
4417,0.26443843168800885
4418,0.11814628268785096
4419,0.11971568505842
4420,0.26665735405415963
4422,0.2988221800531743
4429,0.36600012011200234
4431,0.3039221572863647
4433,0.3387935330873321
4434,0.44953821152191265
4439,0.18517746160852716
4443,0.25516581256372006
4446,0.20662118622108483
4447,0.20637821374588047
4453,0.19124168734244934
4460,0.36608053911012184
4461,0.46277513068409554
4462,0.2125109745344671
4467,0.24857426862787718
4469,0.4926799957275716
4473,0.278389496467731
4474,0.26984862636992024
4475,0.16600721322660292
4477,0.2511706311209241
4481,0.2919031169886422
4483,0.270298213701155
4484,0.29058744115319063
4485,0.32970043585371117
4495,0.2489824097942982
4497,0.30220178349500587
4500,0.5033454440038546
4501,0.3694309565472769
4502,0.26397836755793863
4505,0.40466686652465467
4506,0.3286939021523942
4510,0.26397836755793863
4512,0.40876814797410127
4513,0.3728560018712549
4532,0.3890104598466984
4535,0.3271792985028812
4536,0.3604319022212709
4540,0.43183796831652477
4545,0.6572814201110037
4552,0.6867558380849257
4554,0.5669684013035353
4555,0.3570150429458685
4558,0.5971552204278946
4559,0.6292955176254255
4560,0.143954489125695
4566,0.20494577676885697
4570,0.46843851500656414
4572,0.3284176546159174
4574,0.2434861872488572
4581,0.5669684013035353
4583,0.6365097927528242
4586,0.5978458386374604
4591,0.81730925226358
4594,0.43795587807400443
4603,0.5946747700853644
4605,0.1585185951279049
4612,0.37874879933217315
4613,0.5959876206461302
4615,0.40714138977556386
4618,0.46336001734568155
4621,0.2252733027180745
4623,0.46036178728487975
4626,0.33769418872316725
4629,0.4098214437332503
4633,0.3147375085302194
4636,0.29208085525885136
4638,0.40623774165914417
4640,0.31024049477269533
4643,0.24941787439479657
4645,0.29325171272512285
4647,0.5185520235259978
4648,0.22785990508950296
4651,0.22994825317097484
4652,0.27667460256201803
4653,0.42162851563529924
4654,0.6788704022651352
4660,0.18893392474521864
4662,0.18893392474521864
4663,0.17822662936486555
4665,0.4374968574457213
4668,0.19354608492853123
4676,0.2957811015905651
4683,0.8051601384442335
4685,0.6314260755083463
4686,0.22994825317097484
4701,0.5404225730887781
4718,0.474874154590667
4721,0.43150654993597
4727,0.23132391263479515
4728,0.6840496096252134
4733,0.715137030729714
4741,0.4160268934665475
4743,0.6111393974620548
4746,0.38408775657048116
4751,0.42704671142876005
4756,0.7637880644912101
4761,0.35355380532269515
4763,0.5597662078683194
4764,0.5381991584300798
4767,0.741026426462891
4772,0.7933643037074194
4776,0.6908525234172478
4780,0.7648231751525326
4781,0.7392698499087551
4792,0.923954127151569
4796,0.8469853028387674
4801,0.8214330696557062
4804,0.5110697913957725
4805,0.8999891877322833
4806,0.9105902357012228
4811,0.4217016235676653
4815,0.554843798375286
4816,0.5089212835975487
4817,0.7166383459534891
4818,0.39129737124400743
4822,0.5343456648886152
4824,0.604164393455185
4827,0.7367447657888224
4837,0.4381605407297306
4838,0.8425498531955838
4839,0.6995082439801114
4841,0.7075358426702858
4851,0.6982159304035257
4855,0.7078377260127992
4861,0.27261483704557765
4862,0.1867473745019206
4863,0.12353003771245763
4865,0.159173224573661
4871,0.350560671347353
4873,0.15493299086092924
4880,0.21723039788645346
4885,0.2259826990327321
4886,0.08893054046274132
4902,0.20846399049593137
4904,0.11784684402358452
4907,0.28101502035640386
4916,0.2839081361311723
4921,0.22154080594151032
4925,0.23683415971973953
4927,0.16958696037279464
4928,0.43242637375994586
4930,0.23704149954051387
4932,0.13309080572310272
4933,0.2740681313012676
4937,0.4778727765581345
4939,0.8896714023088808
4941,0.3139092150354413
4942,0.18238326808616545
4947,0.1708448543670368
4949,0.23704149954051387
4950,0.22745998120523628
4956,0.23648662842196455
4960,0.3350559357342602
4963,0.38702838748952484
4965,0.5200180678531143
4976,0.15692635460882312
4977,0.15692635460882312
4987,0.35480810351452957
4991,0.49369318658828587
4994,0.28293782605525053
4999,0.2897879820584158
5003,0.7542430052698457
5006,0.29952850488630783
5009,0.3218034589223179
5011,0.4704176707153056
5012,0.7115758516168548
5014,0.2139335243282857
5020,0.3548992724295125
5021,0.2595554597361344
5023,0.44535524511634794
5026,0.2520730720347387
5030,0.33791277843655465
5031,0.6764016897894947
5036,0.5684856030990205
5042,0.3456445181035013
5045,0.5335490189658392
5048,0.5335490189658392
5051,0.3184909511398465
5053,0.3175316913018665
5054,0.4243748733851459
5057,0.20075498012170076
5058,0.34139547583942204
5066,0.8459413731376156
5070,0.8588614339523684
5077,0.5810529197587598
5081,0.5177687351268571
5084,0.3919713089807596
5086,0.4572611298512511
5090,0.49815964881225155
5091,0.606144819440727
5093,0.3220919334015205
5100,0.4613248410335605
5108,0.8559409717133327
5111,0.7883241489447556
5112,0.7580795260652338
5118,0.41495866193551717
5121,0.8230583032383524
5123,0.8230583032383524
5129,0.5781838699480759
5133,0.2597557139232967
5143,0.30280227862895104
5147,0.41520664333552404
5151,0.7503828132439609
5156,0.8076002599374871
5158,0.8230583032383524
5161,0.2340805878268986
5163,0.357320650827822
5167,0.5532669487058787
5173,0.6211251305716035
5205,0.34791079305346045
5214,0.3109854364045034
5215,0.3594295424923108
5216,0.14357437419884378
5217,0.3555559139515368
5225,0.3594295424923108
5237,0.25235313642818874
5239,0.2371366376356421
5240,0.1273387348389219
5241,0.3594295424923108
5246,0.3011108883700213
5250,0.456017044723222
5253,0.3594295424923108
5258,0.1806170242913469
5261,0.31728279193994213
5268,0.18121937366472224
5275,0.21965461239387613
5277,0.517241338627804
5279,0.4636635902206588
5288,0.253306392592926
5289,0.1414545973000108
5294,0.48823268567259104
5303,0.23880775465774626
5307,0.3650786045906376
5311,0.4888782777158398
5312,0.4763168893927856
5314,0.9445168781313789
5318,0.45722392110345184
5327,0.4449141804633315
5329,0.568435205595385
5333,0.3847662093127994
5334,0.6850389364468584
5340,0.37218657456322163
5348,0.6369310959821014
5358,0.3785405543367146
5360,0.47500167288869793
5361,0.34988830076099997
5363,0.7737099316795107
5364,0.25383744359310245
5369,0.6762862771053393
5370,0.24780471637634677
5374,0.7737099316795107
5376,0.5710583462907587
5388,0.3926304331773153
5390,0.42081887684319613
5393,0.5930670692688889
5394,0.697721106383558
5395,0.5214519312838743
5398,0.8245788005419331
5399,0.8014262390233822
5401,0.3879691814298027
5402,0.8206243007999086
5405,0.5523893024869108
5414,0.4804399494629872
5415,0.528190412934699
5419,0.4673959826308455
5421,0.33444519192271777
5422,0.31560657434624767
5424,0.4109957757718432
5427,0.5758072985146528
5429,0.48418489018278116
5431,0.5448851829961628
5433,0.35782083857310004
5434,0.6867545129513557
5435,0.5311616460788235
5436,0.24821654690241224
5438,0.6070922936531863
5440,0.5623728308753316
5441,0.3620429942038344
5447,0.2753455366302518
5451,0.47640491394930784
5453,0.44333971783289583
5456,0.3908007730437604
5457,0.5255158331959652
5463,0.3634945127967773
5464,0.2899856180467033
5470,0.30108638071114885
5472,0.14792600940434694
5474,0.2261944072893996
5478,0.1824246612275643
5483,0.30320773771457116
5490,0.2566690230105944
5500,0.2854237167912698
5504,0.28698228127794406
5508,0.11382878159262817
5511,0.17499613971024253
5512,0.14129530864836853
5513,0.3336613789702263
5516,0.35430447021850553
5523,0.20793955052893284
5527,0.1684045032587631
5530,0.1789581114037509
5533,0.38571535131795565
5536,0.2548410831592141
5537,0.16998943838667283
5542,0.21660848224326612
5543,0.24040825668855562
5546,0.1696674551422265
5549,0.28966125416401056
5550,0.13210372560777417
5551,0.23082530073612556
5562,0.20951698198444704
5566,0.28677728721523404
5568,0.5341411253954728
5571,0.8299995748128645
5572,0.7461688704333961
5574,0.3253990594601078
5583,0.22266097838246535
5585,0.3253990594601078
5591,0.46157598058786753
5596,0.3253990594601078
5597,0.22266097838246535
5601,0.8530689960263682
5606,0.7194606974808001
5607,0.22266097838246535
5610,0.20951698198444704
5615,0.6340531411316799
5616,0.8396493982977333
5623,0.5149325317887529
5630,0.587310777317135
5636,0.8203310838468747
5637,0.6240328918775325
5639,0.4568886646806944
5640,0.7932740355864878
5643,0.7951657774037537
5648,0.31350357997818606
5649,0.40349991848987643
5660,0.26287916343779794
5666,0.4979019281169733
5667,0.5778472820690396
5678,0.6802841327105666
5679,0.53369845105241
5681,0.4339710829121151
5682,0.5304661397149374
5691,0.4142539401987299
5696,0.8557107249420868
5697,0.7555997839356219
5700,0.49961203151766953
5701,0.2532084789422039
5702,0.5999403499457512
5708,0.7687725588209148
5709,0.6538709797028652
5718,0.7249779366807803
5723,0.6007865065990743
5725,0.7301045390325495
5728,0.8234357284734561
5731,0.754899224854033
5735,0.7194831420613383
5737,0.7670580288679372
5738,0.6571167496796495
5742,0.7474588464942585
5747,0.695874881746989
5749,0.7899919588860762
5750,0.9310927247608081
5755,0.8410480559705199
5756,0.8655472567293149
5761,0.7898298819357353
5762,0.7912053016526532
5767,0.6257799197299722
5768,0.695874881746989
5770,0.7889099332261343
5773,0.8413928572286
5774,0.4092258853655866
5779,0.672620014233585
5782,0.7937959121001669
5785,0.3100410355849775
5786,0.7144047128116979
5787,0.8499470566302317
5788,0.7387526124878114
5796,0.4225587800338641
5802,0.3828722094599199
5806,0.7429608869538655
5809,0.3934327001603828
5810,0.24481216181688398
5811,0.7631115966357583
5813,0.7632132746155369
5820,0.36566988632802766
5823,0.14821199139233315
5830,0.5934656130765278
5831,0.34451354911336685
5838,0.6843580026874995
5839,0.5865130748430689
5844,0.5860298696933954
5846,0.7440457038934085
5851,0.632324389070612
5852,0.7216944967652107
5857,0.43657572003983824
5859,0.4068947119453948
5860,0.8501926792829512
5862,0.43036205737145333
5865,0.6027248407285738
5866,0.47477349148284226
5871,0.7009215124571501
5872,0.42676471028865653
5877,0.7009215124571501
5878,0.7737728626325406
5879,0.7183255010146891
5880,0.43766450361809056
5895,0.11870056014552308
5897,0.3265020579119014
5910,0.3181421956036639
5914,0.29711488055018204
5915,0.11737559966731427
5917,0.10999990661158181
5924,0.2310715687459455
5926,0.29711488055018204
5931,0.30719617890416206
5936,0.25113206035639596
5940,0.16797783486649667
5941,0.4444714558513771
5945,0.2903311372795564
5946,0.22474115947245116
5948,0.6287455140867071
5951,0.38260371454118064
5967,0.39555052484197917
5968,0.27592195713492995
5969,0.3096735125421469
5970,0.2969197071021523
5971,0.38533942403577953
5973,0.3046227651996566
5976,0.3803064513195488
5977,0.3388226099179227
5984,0.40387454544735246
5986,0.43175417492797813
5993,0.4354877423154515
5994,0.4629690847320024
6005,0.538179857164131
6006,0.6769136571413541
6008,0.4155372931778287
6010,0.6476453189931505
6011,0.517281557301765
6014,0.3971315345090777
6016,0.41045870469194073
6018,0.04491912811166305
6021,0.42752738558543435
6025,0.5394129160959548
6028,0.2695577969516476
6029,0.5713075669573505
6035,0.3984647603969241
6040,0.41397813766332076
6042,0.6131969163060043
6044,0.306408274518621
6046,0.5605508172166734
6052,0.5786715834319209
6054,0.7881700237636258
6062,0.7651322527263706
6063,0.5751110973493903
6067,0.7614480353960303
6068,0.8234302462701399
6077,0.40880388166532927
6079,0.3115687139377604
6080,0.613399589770799
6081,0.8216093722381138
6082,0.7701157491574868
6089,0.26728744602237203
6095,0.14852654986428132
6101,0.1712349433579336
6107,0.20455004338978014
6114,0.15407741140723377
6117,0.14856290560412616
6121,0.22736503014082196
6122,0.343713017031223
6124,0.29956981500678254
6129,0.3122192051211053
6131,0.42798064976952616
6136,0.5139363130247921
6139,0.35679653337211054
6142,0.4285159888050691
6143,0.6824507723697251
6144,0.671283687107547
6149,0.4285159888050691
6155,0.6653603972646461
6157,0.4067497329581949
6158,0.2402479061112736
6161,0.5262885197928237
6168,0.5607234079239173
6172,0.5262885197928237
6176,0.5262885197928237
6177,0.4266085780794143
6179,0.4995028454109031
6180,0.6350608123453685
6182,0.38890318172145066
6186,0.35098983139759515
6189,0.3686308398941606
6190,0.35505566042738707
6194,0.7166941113901036
6204,0.24088430517583195
6205,0.35505566042738707
6209,0.16372931383974385
6210,0.35098983139759515
6212,0.33189687241330523
6214,0.7307277669554767
6221,0.7929468550110319
6225,0.7307277669554767
6228,0.5094044118011131
6229,0.35098983139759515
6231,0.3685979437749326
6235,0.4382667876624308
6236,0.23896448453789707
6237,0.6895613370200784
6238,0.4380451090808067
6239,0.23896448453789707
6242,0.23896448453789707
6249,0.23896448453789707
6250,0.23896448453789707
6251,0.2664382195683093
6252,0.6895613370200784
6260,0.250589159434414
6264,0.33058990462284815
6266,0.493274004024292
6270,0.2995388170134872
6275,0.23896448453789707
6279,0.46913357569699504
6280,0.23896448453789707
6284,0.23896448453789707
6285,0.3908260803203173
6286,0.5177571860569024
6287,0.8582785675972685
6288,0.23441374875411336
6289,0.7530607792973798
6290,0.37643390976841434
6291,0.6744543881532508
6295,0.669675740557735
6298,0.7482264894546449
6307,0.6982242103664351
6308,0.3125336763657517
6309,0.6248844733846198
6313,0.31627249684293274
6316,0.47146974657514373
6319,0.4331875606365245
6321,0.5223094875409273
6324,0.3311955839336271
6327,0.4364751562820215
6333,0.6946697737184118
6351,0.7563012679863452
6352,0.718189252226329
6353,0.3767219503698618
6357,0.718189252226329
6359,0.5392375507765017
6360,0.5807523208704259
6364,0.6844302392509141
6367,0.5151873267864059
6368,0.7723315327983997
6377,0.7094587055926607
6378,0.7094587055926607
6379,0.3735769322210828
6381,0.7517397001805592
6390,0.5936057073872332
6401,0.2984651796271581
6408,0.41210500211748025
6409,0.5500628117855354
6411,0.5375575705030977
6419,0.48386607462152154
6424,0.7257074564222677
6426,0.6799782007574373
6428,0.2542766631191363
6431,0.21797976214422762
6432,0.6249441987322514
6433,0.326045310533509
6435,0.8392626014338349
6437,0.14275345170369352
6439,0.6982787755951906
6442,0.44312549440640375
6444,0.8345568248216764
6447,0.6113849382698969
6456,0.6407302608471346
6457,0.46634391767844013
6460,0.3025153734513942
6468,0.26589879077223766
6471,0.8033817117306566
6475,0.4581503416018279
6476,0.853900285175931
6479,0.8394391059039046
6483,0.7233573981517071
6487,0.5766991897468211
6488,0.406271674026873
6489,0.29353125541851866
6496,0.4533423882020105
6498,0.14370112368796858
6502,0.20222843492497158
6503,0.21837788705220718
6507,0.32228320972800356
6508,0.29490732916606616
6509,0.3481291810421237
6517,0.43470326810571863
6521,0.1330190003779099
6522,0.24644763173816892
6524,0.2490406498117552
6526,0.1339126357162655
6531,0.7808407077166152
6533,0.3282624384145641
6538,0.3096737889970828
6539,0.5942923037675748
6544,0.6392926765161194
6557,0.3248248551009172
6558,0.2851040248595006
6562,0.2237878916336945
6563,0.24398387201763377
6564,0.22673487142704707
6574,0.27492340662501286
6578,0.2779527019487343
6581,0.5105836990142476
6584,0.26193608126514384
6587,0.41006884588600906
6589,0.2337805943198918
6590,0.12783820889477757
6592,0.3797290333739548
6595,0.2664001090801151
6599,0.4168888601785392
6600,0.16165034871768333
6606,0.3234345770285911
6609,0.20303779488004062
6612,0.2605960883922007
6615,0.28035568168661185
6618,0.09333957105533285
6620,0.11360257360409129
6623,0.22982844172724273
6633,0.265165786434933
6639,0.7635334823493019
6640,0.3780301873185797
6641,0.6365726093545075
6645,0.3231217900053608
6650,0.40060359169828963
6651,0.40403038503363725
6652,0.48090230934838996
6657,0.37814718359865335
6659,0.2141648743875082
6666,0.4605375770656199
6671,0.45572625521978993
6673,0.6768560491282213
6674,0.3245403886958215
6677,0.16638452169050025
6680,0.5488036262359639
6684,0.23985972131337946
6685,0.323419787045384
6691,0.21732828897952708
6692,0.45883861044292784
6696,0.49050935515307376
6698,0.36232463606803933
6704,0.2961462232876516
6705,0.19178067482453107
6710,0.16131627945120272
6713,0.25367138057318456
6715,0.2081425579808266
6717,0.2757241205024406
6718,0.09696010020597755
6720,0.16131627945120272
6728,0.4756143832437938
6732,0.135989730295237
6733,0.21776866796109015
6739,0.21039778098791026
6740,0.2954220515541353
6741,0.09077392543181126
6743,0.3470124975517682
6747,0.16131627945120272
6750,0.48539100191252
6752,0.6430403374484471
6753,0.40210551580575254
6755,0.48539100191252
6761,0.2694893868235992
6763,0.5063845759297025
6768,0.4319053342780266
6770,0.3184512408819986
6771,0.41130778385087374
6777,0.40210551580575254
6778,0.3161863004961162
6780,0.3026004622890021
6782,0.5733941730510359
6786,0.48539100191252
6791,0.5063845759297025
6797,0.4591337864689081
6798,0.30165352073197765
6803,0.2718467699924203
6805,0.265379952100056
6812,0.265379952100056
6816,0.265379952100056
6818,0.265379952100056
6822,0.265379952100056
6825,0.265379952100056
6826,0.265379952100056
6827,0.265379952100056
6829,0.265379952100056
6831,0.27117315700035977
6836,0.3928628030947898
6838,0.08172713330612201
6840,0.30306029077156976
6842,0.23114816002060584
6846,0.265379952100056
6851,0.7376687837575057
6853,0.6949234107744061
6856,0.2666024501073683
6859,0.6405108821259123
6865,0.6112426328818138
6866,0.5308141672604674
6868,0.9170260631862697
6869,0.7903554091001312
6871,0.8861682635014416
6873,0.41492955091991274
6886,0.7164008914787398
6887,0.5938788408537767
6888,0.8114870775508737
6889,0.9508822350037608
6891,0.49094732550515174
6894,0.6647634288663062
6895,0.5249510656144495
6899,0.5957511663681855
6901,0.7392561220033229
6902,0.48276020910994666
6904,0.7513466050831893
6906,0.7420125388753936
6922,0.6241390649076431
6923,0.4532714107880751
6924,0.4551063607812282
6927,0.667436913922768
6934,0.4617998448484868
6938,0.6756158487963866
6941,0.35426113135925047
6942,0.5982384174489489
6944,0.5837928952266646
6947,0.27861311763636293
6952,0.44515410187350957
6957,0.4388884769981821
6958,0.6772206706817503
6964,0.5352151776860555
6968,0.23212654019320877
6969,0.7395218788364132
6976,0.4412114674431083
6982,0.647942886509072
6986,0.6496430059796113
6987,0.7755971656641993
6989,0.5145669279927892
6991,0.6509674460418471
6993,0.6518453958379036
6995,0.2614770040053723
6997,0.34712988178025833
7000,0.21798363243271718
7003,0.23772387536402845
7004,0.1613197970264308
7007,0.5300821232321946
7011,0.3869943713827066
7014,0.23484618199309512
7016,0.22693353581044126
7017,0.28611723236817566
7020,0.3142594926517557
7022,0.2614770040053723
7028,0.2614770040053723
7033,0.4527590658280712
7034,0.5609424397018946
7035,0.31682216214992487
7038,0.23772387536402845
7040,0.2614770040053723
7041,0.21798363243271718
7042,0.1905442033185294
7045,0.1874162179125988
7049,0.2841464578691228
7055,0.23440856995179699
7057,0.37071206738423823
7062,0.2485059859147626
7064,0.40673599661233883
7066,0.17498481675521554
7067,0.3298502342568369
7072,0.20718591840601483
7079,0.335731602020918
7082,0.32008683310389086
7083,0.29213342979226437
7084,0.16739219491225765
7085,0.2599404270561703
7087,0.32489689205633276
7090,0.3524924694091166
7094,0.22831042103951799
7096,0.5837763465903811
7099,0.2620684716850267
7100,0.13841075216931928
7101,0.4515361137903686
7102,0.3520867988997722
7103,0.1812386559267216
7107,0.4049977448587341
7110,0.1812386559267216
7113,0.25446400657377644
7117,0.2110748094572792
7119,0.21643636535908473
7123,0.4992950798723077
7127,0.13578039349638665
7133,0.7046125510915844
7139,0.3259932607501536
7143,0.3072548465723781
7145,0.15465823674907492
7151,0.5439802809171687
7152,0.26764206175736044
7153,0.3467049260978284
7156,0.3474556921611843
7162,0.2217281298702297
7170,0.47372044529923313
7172,0.18796443960196985
7177,0.19799156253510306
7181,0.3450084945878882
7182,0.4857529699164789
7189,0.25528133058818214
7190,0.2897752065153518
7200,0.41025572843350927
7207,0.8301660659584684
7209,0.4906026832676582
7212,0.7489944178398313
7216,0.4962465456786344
7217,0.6472161166484948
7219,0.6745312836180142
7220,0.3635191913813293
7222,0.656631973011358
7225,0.6133564809001257
7233,0.3195805025642466
7237,0.4912318468760602
7238,0.7344220704340989
7239,0.8896630543030318
7240,0.6536249749498869
7243,0.6583207110473323
7245,0.5996718569621586
7246,0.5189953487334987
7249,0.8157553239694918
7257,0.5856975153920461
7258,0.7005427643813835
7259,0.8603095687676415
7262,0.7966700592740361
7263,0.8201204033827671
7269,0.4681117247376195
7271,0.7900931538019269
7273,0.8201204033827671
7276,0.6559606956890286
7279,0.7861723661510822
7282,0.8300067438395717
7284,0.7741305913177748
7293,0.5127788673357815
7298,0.5835659377907916
7303,0.3541072447083015
7304,0.5442871293150742
7305,0.28777428488037315
7308,0.5984449637601572
7313,0.4328321506025971
7314,0.5368045683811645
7321,0.42303115849904566
7322,0.4864592201891361
7327,0.32276608732092377
7333,0.37667515711343946
7336,0.33526735662482393
7339,0.4994652684968449
7341,0.40223192787888
7346,0.11779663017412825
7347,0.3685353865374802
7349,0.3461322341877755
7351,0.18603870615503856
7353,0.08834144035195625
7363,0.2239284939051661
7364,0.07663091882101716
7368,0.3541632727737484
7370,0.4638287099186803
7375,0.20356048318075035
7376,0.26090544382720676
7379,0.14330597540621504
7382,0.20212855607267688
7384,0.06384412559845988
7385,0.139990834438424
7387,0.1551728232692736
7388,0.23439081343349302
7389,0.1073686494958575
7394,0.23082907101861494
7396,0.11443359314364086
7398,0.2231280183149555
7399,0.2085176232818028
7401,0.11055512778822593
7404,0.21784920818985987
7406,0.2702582243026398
7409,0.11443359314364086
7411,0.24745206842128772
7417,0.19468512236370447
7420,0.2222427643541943
7422,0.07472427733258004
7423,0.13515611167486413
7427,0.5589385007806386
7429,0.2641530896372787
7432,0.2328952780652093
7435,0.10838290606684721
7436,0.8002390685499815
7440,0.8098900943819258
7441,0.25140733708206453
7445,0.1948441548096404
7448,0.2616018540741178
7449,0.22790900011199736
7450,0.27559424270976945
7454,0.3459175866504609
7455,0.19422624175917033
7460,0.1861580901411431
7462,0.314513352473512
7464,0.2733152623053285
7466,0.1495305602071865
7468,0.33730519492640826
7469,0.1495305602071865
7471,0.20466506950270663
7472,0.2354043381236116
7483,0.16721436248039576
7484,0.16721436248039576
7485,0.18858098910497442
7486,0.23850344137757826
7487,0.22957074661741986
7489,0.830049202538658
7492,0.2504934488347093
7495,0.8640520129931414
7499,0.8787599055854316
7500,0.8999400775236293
7506,0.7694970719267169
7508,0.6357582648768431
7509,0.6815161962977788
7511,0.7428411401628907
7516,0.8606163750290358
7524,0.6055178966700804
7538,0.5457977189804084
7539,0.8787599055854316
7541,0.7428411401628907
7546,0.9096801585302521
7549,0.9053240091309304
7562,0.9053240091309304
7564,0.6891772584444396
7567,0.5918886941928828
7572,0.9053240091309304
7574,0.9053240091309304
7575,0.9053240091309304
7586,0.9053240091309304
7592,0.8499970160256648
7596,0.2664916133622095
7597,0.5878708143490518
7599,0.16969200150882716
7606,0.39191802542848714
7615,0.3066419808411045
7618,0.2584932402618519
7620,0.22560800718837032
7624,0.2664916133622095
7625,0.2664916133622095
7629,0.3771182830057058
7632,0.4112026050632577
7636,0.42531411886748
7637,0.2789194596973009
7646,0.204727655399905
7655,0.3060394758962781
7658,0.1521950875702568
7660,0.2077944074244048
7664,0.2618771030311895
7665,0.16061910267825527
7666,0.1460513516625142
7667,0.10870026248666835
7673,0.07987836237784646
7676,0.2546967926470541
7682,0.18549234074833829
7684,0.18606331042795118
7690,0.1600029483020115
7697,0.14821857539428518
7700,0.09409997794514907
7704,0.20457906811474091
7705,0.11437176557065638
7706,0.1876487922714156
7708,0.17368560462016586
7709,0.17168960719868762
7710,0.38580499438411675
7713,0.08970984175062853
7716,0.15182884138772496
7726,0.10912157954329928
7729,0.34216541242297754
7730,0.2167906596283501
7732,0.17835912433354892
7734,0.0800859425036008
7740,0.17368560462016586
7741,0.09116326373518563
7745,0.8364115592958158
7757,0.5198960369276459
7762,0.5405500223026903
7770,0.8831682953984704
7776,0.5480763227736647
7777,0.40892887988777243
7778,0.8166427681915445
7779,0.33643773996315923
7782,0.37863002992080885
7786,0.7218574406762708
7791,0.5779892384258243
7792,0.7545554331815983
7794,0.4715030662463692
7795,0.17188785280431595
7796,0.29918685738154505
7798,0.17625884569489159
7805,0.16467706541909083
7806,0.23649623703852785
7808,0.44223501983899266
7811,0.11746265347808739
7814,0.14042111664014814
7819,0.16467706541909083
7820,0.45091293164143526
7825,0.1646966628970337
7829,0.4239312064616955
7834,0.19108448406709633
7836,0.1646966628970337
7838,0.26640288784617694
7841,0.2983780368858427
7845,0.6817910193142513
7846,0.1256244829060934
7853,0.1256244829060934
7856,0.1426367738806515
7858,0.1265008646745687
7859,0.721105129104853
7866,0.18466822392669185
7875,0.8366318052113692
7879,0.1256244829060934
7884,0.18896270307388183
7886,0.721105129104853
7890,0.2379518960816618
7892,0.1265008646745687
7896,0.4593769601253875
7899,0.7110671467899097
7900,0.8232361303108152
7901,0.3948534624745557
7904,0.6413611654523362
7911,0.31612554547504773
7917,0.3379258367631683
7919,0.6603692896771189
7920,0.8003809186272789
7921,0.8003789000422153
7922,0.15578633592255725
7925,0.8075574061137333
7927,0.36641317175312754
7928,0.8003789000422153
7931,0.3437064332978403
7942,0.24834159211059953
7946,0.8003789000422153
7947,0.2906857414451606
7948,0.49360493112061354
7951,0.587392790280518
7956,0.3256497579812131
7961,0.8484012933919343
7964,0.8867152888733014
7966,0.8683896590202395
7967,0.202374387522375
7974,0.9425663146182216
7975,0.34354489983461023
7979,0.9425663146182216
7985,0.9173858341785398
7986,0.9361859545379155
7993,0.4440291372897916
7995,0.9435647910007073
7997,0.08978622625588871
7998,0.9425663146182216
8004,0.9425663146182216
8007,0.9425663146182216
8011,0.268989650662277
8014,0.7502577762325698
8022,0.24118777220504534
8027,0.4662313398429399
8033,0.7101143133547962
8041,0.24118777220504534
8042,0.7545217084561013
8046,0.3757604373338852
8048,0.3233971213135303
8050,0.7698561698109337
8051,0.6634366715950503
8052,0.5081252313149094
8053,0.7476041133327105
8054,0.46556365390302057
8059,0.4383911908850572
8063,0.6778588015858822
8072,0.3301573501210113
8075,0.18627525495918634
8076,0.2454759150920842
8077,0.7769944485566347
8078,0.5767579798371842
8080,0.19010018823455682
8082,0.22371077455026428
8086,0.2579783840087257
8090,0.6432551379631969
8092,0.17015190086813778
8093,0.25906817224445006
8099,0.5976656305597122
8104,0.5008035677051054
8107,0.43256706527426375
8108,0.1938609394731351
8114,0.3836500591447135
8115,0.6910348210090679
8117,0.821208795854297
8123,0.7665509731973461
8124,0.5555861086303802
8127,0.7465759323573061
8132,0.49428535309849336
8134,0.6265861086123462
8139,0.39318278485163055
8145,0.673922152865619
8148,0.8379615709636692
8151,0.8731457379774425
8152,0.8356267482796385
8153,0.6120225758710182
8157,0.34324888829966116
8160,0.7651234401773888
8166,0.8735036948638047
8167,0.8731457379774425
8173,0.6132231114081769
8174,0.8731457379774425
8178,0.8410113229131719
8179,0.3380160488113758
8185,0.7769075143746714
8186,0.8731457379774425
8192,0.6311082903845945
8193,0.6163854687978934
8194,0.2372621190405332
8197,0.2551176145103029
8198,0.24674295215105552
8199,0.2551176145103029
8200,0.3243682918891694
8206,0.25998647424698385
8207,0.25998647424698385
8220,0.3076488357721043
8222,0.26653908913267793
8227,0.14387787407599276
8228,0.20946349065270803
8229,0.4027238043450008
8230,0.5714855963064671
8233,0.5692258657519125
8248,0.41857042143124823
8249,0.4811502391449592
8255,0.15112410707144674
8260,0.4811502391449592
8263,0.6289898880425675
8265,0.5172987008359086
8268,0.2652621539362098
8269,0.38754910493779077
8272,0.5881699106569941
8273,0.6563259182913658
8275,0.6008586261840186
8277,0.49056126825537416
8281,0.3669391951251174
8282,0.4807677915803897
8290,0.46928872150978185
8293,0.5923814823311321
8299,0.36810121638909227
8302,0.4189329117930059
8303,0.40294950983978295
8305,0.4180010358211994
8306,0.1670146848769615
8307,0.3166816541131507
8308,0.40154282195062896
8313,0.4603491967920839
8316,0.4189329117930059
8319,0.16968841260583103
8322,0.6114804897237768
8323,0.552450323049303
8325,0.34854094435688776
8326,0.3385169407283267
8327,0.29402113337413094
8328,0.3217778554481741
8331,0.40294950983978295
8333,0.6181643481508928
8336,0.37484968957604925
8338,0.4189329117930059
8340,0.3166816541131507
8342,0.07127188474238964
8343,0.21068626743393418
8353,0.05976381850171289
8354,0.22998227204246505
8357,0.17870031917779844
8358,0.12994133276424374
8359,0.13935481114573453
8373,0.31280455194891055
8376,0.05157526282337784
8379,0.2872389462431758
8380,0.1601456253315365
8381,0.10639543639708318
8384,0.18630699905994874
8395,0.8794064236410299
8398,0.8794064236410299
8403,0.28648120078722783
8407,0.8794064236410299
8413,0.8794064236410299
8417,0.8794064236410299
8420,0.8794064236410299
8421,0.1853180932650232
8424,0.8794064236410299
8426,0.8794064236410299
8427,0.8794064236410299
8438,0.8794064236410299
8439,0.23244548228308776
8442,0.06654463422665018
8449,0.20214226825670656
8456,0.08313260616169862
8460,0.23263140067034246
8462,0.14396399412217736
8465,0.24544510544605588
8466,0.22613239283617886
8467,0.19138195557205911
8469,0.16254091774903273
8470,0.21397494706843878
8474,0.11056755848521527
8479,0.08423527238954161
8481,0.09060793220368142
8482,0.18700531961321204
8485,0.16238212230777846
8488,0.11056755848521527
8492,0.22666796881144555
8493,0.3272117435075597
8495,0.13443776680941774
8499,0.2147218741811275
8501,0.15901891501024915
8519,0.17116828893614833
8521,0.02667577702113815
8525,0.16492465507487486
8527,0.15851089738517807
8529,0.20740635764868215
8532,0.19555364088240126
8534,0.0795993833209098
8535,0.14124364556296348
8537,0.20481500275840986
8544,0.1478041349508584
8548,0.12931705048804393
8549,0.18059701796449723
8552,0.05662093759456794
8554,0.19978908836136866
8563,0.15144839146153227
8564,0.1470981098346523
8565,0.11056755848521527
8566,0.09001761702699321
8568,0.1645426418155962
8569,0.047341171735640404
8573,0.11056755848521527
8583,0.08826926060704952
8588,0.10464618285987937
8590,0.15098022963863872
8592,0.4296572284511945
8593,0.24556808627153867
8594,0.5131067364640288
8597,0.27259562203943616
8600,0.6624805289609051
8601,0.25784217469772347
8602,0.35094482382329184
8603,0.37450620242078697
8604,0.2890798372433786
8605,0.5076550164323695
8611,0.3633676989102984
8614,0.36699573583459133
8616,0.5970434318397985
8617,0.5152672275057562
8619,0.7273494020939422
8626,0.4355779888574268
8629,0.3039267412147219
8630,0.39326155583639394
8632,0.33468894191743526
8634,0.5678129130228142
8641,0.2919616372268218
8645,0.6700680443349177
8649,0.7129050431217705
8652,0.8083231195323983
8666,0.6815509509324807
8671,0.3157745983296262
8672,0.7194067009961166
8675,0.6282324511617047
8678,0.7471945078680945
8679,0.6875456522370756
8682,0.6460232390515381
8687,0.6476118699906279
8701,0.4008991651507155
8703,0.19656286404619364
8707,0.3155570955725828
8713,0.19767702342253157
8716,0.21637813160177388
8719,0.1840760857021598
8725,0.4141135835722224
8730,0.3586568521873356
8731,0.2911849871275865
8748,0.30875272480958477
8749,0.2814394160249429
8756,0.1899829220570983
8764,0.24120683930708833
8765,0.29048296685428776
8769,0.42457481912123907
8771,0.29048296685428776
8772,0.13278042686838973
8773,0.34981898405666906
8779,0.1819407916551828
8792,0.541763497050621
8794,0.1879237510167061
8796,0.35175726760803117
8798,0.40995879912341515
8803,0.12844879522705435
8807,0.5261131233638884
8809,0.217390484423495
8811,0.1733690711698218
8813,0.2202132755938526
8814,0.16447664866827483
8818,0.25882464621477236
8819,0.25201264354645864
8820,0.48844331106704936
8821,0.21471321654080874
8822,0.07883077612661464
8824,0.21471321654080874
8826,0.21471321654080874
8827,0.3334725862827946
8828,0.2163069914044636
8833,0.5220360676028598
8834,0.21471321654080874
8845,0.2638821409111224
8847,0.20968593995135182
8849,0.23191989160814508
8861,0.283289255654128
8867,0.17535876950159643
8868,0.33439853450820856
8870,0.1982337321348584
8873,0.16857022920252457
8874,0.24543327123198355
8876,0.14234210893962818
8877,0.26469710479562203
8879,0.33439853450820856
8882,0.19974080158955604
8884,0.14948376271809688
8889,0.2019215683284634
8891,0.12996598387762084
8894,0.4981697167611288
8895,0.3181542164275621
8897,0.5443093635263163
8898,0.4914358576229078
8901,0.2890812452285381
8904,0.5340798108179723
8909,0.4324537854348043
8910,0.40566516344002806
8911,0.2935314046821902
8915,0.3162756473206208
8917,0.2514322805747702
8918,0.25456141356445566
8919,0.4204797949657808
8922,0.381290408405652
8925,0.4302275345018516
8928,0.2828113908275722
8929,0.3740119522221961
8930,0.7369146885945935
8932,0.3046578594105933
8937,0.44825512511082954
8940,0.3279413489763041
8943,0.29038944923773413
8950,0.3326334512514938
8951,0.659012271278784
8954,0.19458127893816926
8958,0.7785536126292435
8960,0.28793231711466594
8964,0.573957059353788
8975,0.29559552889234814
8977,0.626131364153396
8981,0.4475530526832006
8982,0.5372843092528136
8984,0.4415619889216986
8988,0.33296711981044586
8990,0.5146666870826324
8991,0.38729868995111727
8995,0.3179937501237394
8997,0.11803118972194361
9003,0.18437760985933496
9004,0.23156812942956093
9010,0.3799538383847751
9011,0.12308806697598763
9013,0.24311900690405477
9014,0.10623781614895828
9015,0.16738923383960777
9017,0.19056429939305897
9019,0.13038341552227747
9021,0.3162440971147564
9024,0.22993915110170254
9032,0.10428233531826625
9035,0.2043082779453491
9036,0.38704474578079257
9037,0.2356521813562536
9043,0.7678248756017861
9046,0.7810626671443736
9048,0.7678248756017861
9049,0.7534667249729831
9050,0.7590997643736901
9056,0.49816760651591113
9063,0.29389891551018377
9065,0.7376298345182682
9066,0.7678248756017861
9068,0.3133481064093528
9069,0.7534667249729831
9070,0.5043556642433473
9073,0.7965371300987616
9076,0.7678248756017861
9091,0.6174352383271291
9092,0.682111533529179
9104,0.9069212104083271
9105,0.8927758164886207
9108,0.8927758164886207
9111,0.8821395787297057
9115,0.9069212104083271
9117,0.9050626708030425
9122,0.9013778095183081
9125,0.8692906971400709
9127,0.682111533529179
9129,0.851453527808384
9133,0.8821395787297057
9136,0.9069212104083271
9138,0.851453527808384
9140,0.8692906971400709
9147,0.8846437716934543
9150,0.8730281682861039
9152,0.8846437716934543
9153,0.8809048144129399
9155,0.9238011168535869
9158,0.7462320486795457
9160,0.8439737252190282
9163,0.8333274962710149
9165,0.9119120891740439
9167,0.3924002123785581
9168,0.7381782781716506
9170,0.8843915454448669
9176,0.8230136664931632
9178,0.9117781038767121
9184,0.8843915454448669
9186,0.8144461718344013
9188,0.8102543529993242
9189,0.8070497600979059
9190,0.905162766429222
9196,0.6190148179460971
9198,0.541754285763353
9199,0.9211087309343642
9200,0.6715354533463159
9201,0.45352009172107965
9202,0.8737212701755204
9204,0.8481609812472376
9205,0.6979925922433581
9213,0.9002701705827287
9214,0.7946847394701203
9224,0.8074858488545386
9227,0.7836078238624781
9228,0.91518005277214
9229,0.8357887618990969
9234,0.8580003612933987
9236,0.8207828522399362
9241,0.8106659826584517
9243,0.3286829804400117
9245,0.31930120424353137
9256,0.521488093215655
9258,0.17325230017691587
9261,0.09783690904974843
9274,0.11953929471715809
9279,0.4576465501134817
9282,0.29865438352242696
9284,0.23258790106336424
9285,0.19600284997580544
9291,0.1793349157039123
9295,0.24315061193559748
9299,0.16566614420793535
9302,0.18177475680086438
9304,0.4000675935402928
9305,0.3222391079092419
9306,0.16340455958500083
9310,0.244902017153595
9312,0.2933062043704096
9316,0.2781328499232838
9318,0.4509267382846279
9323,0.21486738837780284
9326,0.2997820941832913
9327,0.31757740441240895
9328,0.21475842788133984
9331,0.48423748380373083
9335,0.2062123490360423
9336,0.359714121133426
9340,0.10721173827920658
9349,0.6731922948391731
9352,0.4128298422733732
9353,0.2924411405567187
9354,0.39561842103763867
9356,0.2551944120652617
9357,0.1260345980936064
9358,0.38721477356298434
9359,0.15992620849181433
9364,0.18898203997185145
9366,0.8570487967389427
9369,0.21735487700660316
9370,0.32960465589912324
9379,0.16743010970041872
9381,0.18832247925642764
9383,0.25833824862547183
9389,0.28742071593988794
9390,0.2519911929462344
9392,0.736515544948262
9394,0.7268957385922298
9398,0.6505794414919223
9399,0.7328789797361972
9400,0.19190646797408956
9407,0.9142509589740255
9409,0.6881507894353508
9412,0.757713924216935
9413,0.833010039578852
9415,0.601673102801366
9419,0.7520500085455958
9423,0.24677525953440313
9424,0.4896133628581746
9426,0.3572623100048752
9427,0.6050848056302267
9428,0.2468389807759798
9429,0.36364109827071134
9433,0.805603934638726
9437,0.46556571017445736
9440,0.38958457164172333
9442,0.6475828766620044
9443,0.632077798407365
9444,0.5550347208744859
9447,0.6496297059654657
9459,0.4326234191633424
9461,0.5505471084273493
9462,0.4704365855953803
9464,0.6475828766620044
9473,0.5037326536544282
9475,0.5775531550939573
9476,0.6475828766620044
9477,0.556100999757963
9478,0.5505471084273493
9479,0.5037326536544282
9483,0.5255727801845659
9487,0.5505471084273493
9494,0.7139479155563503
9497,0.7493030481076701
9498,0.7571093424218419
9506,0.27396531421370574
9512,0.6324517442541037
9514,0.7693293944929964
9515,0.5703553184860204
9516,0.827033092319082
9517,0.5731493436812308
9518,0.21951802734705148
9521,0.38620550110349866
9523,0.4857427068978103
9527,0.5271655180803277
9528,0.5169666741152799
9530,0.2970322841507917
9532,0.5387971266339839
9534,0.6372532030911113
9535,0.22813262504018597
9536,0.7725383529632829
9543,0.39549888540499856
9544,0.4372127407448613
9545,0.3962322101779098
9546,0.350699613330091
9549,0.41201077941085834
9558,0.3549781072501226
9560,0.28093203894310287
9561,0.342491537768727
9570,0.3653067666614769
9573,0.23313470100529812
9578,0.3334091081626698
9584,0.25202718990331946
9587,0.41187278906090796
9588,0.3522865037394871
9599,0.3192125383099279
9601,0.26436511993141987
9604,0.49920162347017577
9614,0.7932854103954045
9615,0.8197917487603621
9621,0.8598995149023438
9622,0.38995496827047527
9623,0.6435943340221292
9624,0.4592062435202741
9626,0.8016188563191878
9628,0.8195548700311872
9630,0.22108546682116173
9631,0.7093132745667569
9633,0.6435943340221292
9635,0.8241641789086189
9637,0.6194315939147563
9641,0.34446039814785906
9647,0.7093132745667569
9648,0.8035865832302233
9649,0.2533188914203998
9658,0.22225694749643443
9662,0.7964346183249732
9668,0.5620024884952034
9671,0.3706932256046818
9676,0.7230614473677762
9677,0.8170048701210284
9679,0.228621756788761
9682,0.8223135685600028
9685,0.10874211042835993
9689,0.6707150385104278
9692,0.585106591252608
9693,0.31718941493403235
9694,0.25838064020917206
9696,0.18385555238222343
9700,0.1932601223748505
9711,0.8773673812582872
9713,0.20127591484195917
9720,0.36154545426341533
9721,0.8163605234133725
9725,0.4373529426262449
9726,0.45712396690789264
9727,0.5057577897836159
9735,0.187544710481517
9740,0.8638542468891981
9742,0.8773673812582872
9743,0.42603372292690583
9747,0.8773673812582872
9748,0.8680092792266696
9751,0.8773673812582872
9758,0.38793990490076585
9767,0.24383483326837072
9768,0.29954119812102814
9773,0.3471001002714697
9777,0.34008854597781785
9781,0.21968729169624066
9784,0.3960693831863241
9786,0.5066155237596695
9789,0.3323711606356551
9792,0.4112550863424419
9793,0.17529833376850823
9798,0.3450746133548561
9799,0.2668972135077501
9802,0.2798084401352461
9803,0.3790427208201671
9804,0.2324796353955219
9805,0.21692972414736778
9807,0.5107306732390771
9809,0.38664271097865865
9811,0.38470249937533796
9814,0.3029949915794194
9817,0.4340460892359521
9821,0.45209381348062505
9824,0.457490112274777
9825,0.47305376026138635
9827,0.6797264983887733
9839,0.7608519322498524
9840,0.19483770010347295
9843,0.4225270627805539
9844,0.38734627992079884
9845,0.37638678400660874
9847,0.39062082657340697
9848,0.32221632911348913
9851,0.37638678400660874
9852,0.47252136337183875
9855,0.41582380875147923
9856,0.3216953270817637
9863,0.05267221941713846
9867,0.24553018729875015
9871,0.10008148673913012
9876,0.2806601310669037
9879,0.2628343806668827
9882,0.2867537074323177
9891,0.24055663377169828
9892,0.28527516368108846
9893,0.08836880537009865
9895,0.2494105544302255
9899,0.2606592983915721
9900,0.10809856037703387
9902,0.2676684115350969
9903,0.14085467490978656
9904,0.15126648497275302
9908,0.23676900084400024
9913,0.25463890864725075
9914,0.4585786638441919
9917,0.240898575442907
9922,0.48551124151476677
9924,0.16693068604570602
9926,0.19810004766203904
9927,0.14864624846903304
9928,0.2358405879679819
9929,0.22327402921725223
9936,0.2359850877826335
9939,0.15019337937212923
9947,0.16302039395260395
9951,0.38425315746071076
9954,0.24134498568529264
9956,0.16552804068825588
9957,0.2394616566704467
9959,0.38408775657048116
9962,0.20626960797326566
9964,0.3767959118751523
9966,0.18999636205343978
9968,0.40095229385934
9969,0.4120756755166413
9970,0.46194143681787425
9975,0.44574360033040095
9977,0.23087583505126966
9981,0.2674095843273088
9993,0.25223004997017184
9996,0.34566495137621545
9997,0.2740433368015404
9999,0.3802722312140154
10002,0.36649637190074286
10007,0.7467129415664078
10015,0.20286280189607775
10019,0.5966926189729514
10022,0.22527738701800862
10024,0.2897140678612944
10026,0.16203896245218455
10033,0.3226426140571739
10043,0.2077842319840765
10046,0.09227665519987244
10051,0.32636250201140066
10053,0.21758447697776787
10062,0.7799948201167727
10063,0.8953016861521615
10065,0.733096947456328
10068,0.8571998343685745
10078,0.6894647230174203
10086,0.7282782266253496
10094,0.7324783638330291
10095,0.6667404045287338
10096,0.7431115472796778
10097,0.747116091668186
10103,0.8953016861521615
10104,0.8462982848639903
10108,0.1956448825250548
10122,0.23310466971424743
10123,0.23292015727311643
10128,0.16673491090836748
10131,0.28365902521856184
10133,0.211826391020789
10134,0.23553964860072657
10135,0.17023335594185277
10145,0.1613395675758531
10148,0.28509245288063106
10154,0.3820681110440408
10155,0.2352906775072856
10158,0.9036634892976466
10160,0.7535005467910921
10161,0.4774550075362191
10162,0.7641291116218513
10165,0.8024439956317423
10166,0.77411708703201
10167,0.615825492789629
10170,0.5425972749989858
10178,0.6855262147701093
10180,0.5163654336772471
10181,0.6321772023502593
10185,0.8437292979648108
10188,0.5238335555002726
10190,0.6317814427141022
10196,0.48137834023028275
10200,0.5712850893476058
10205,0.5870235207283427
10211,0.2611866120366248
10216,0.19798554676058006
10219,0.4548744955435311
10221,0.2720813847877092
10225,0.3957592624452016
10227,0.377661780405432
10228,0.5484427190410663
10230,0.46748691497162315
10232,0.6434274639886365
10233,0.6975150154202596
10235,0.3157334453414537
10238,0.695763163992023
10240,0.6746246681378745
10242,0.21547732726776275
10248,0.46947493015042074
10254,0.3373903233443311
10257,0.18865764317477307
10261,0.30786329667366447
10262,0.38191558818982513
10266,0.2666669511134798
10267,0.46375444014101724
10271,0.29210305316951213
10277,0.37447797315234604
10279,0.4548909480683934
10281,0.3676816504184179
10282,0.3803121410953386
10285,0.19173106493324224
10292,0.24405093813807266
10298,0.24647864292072408
10300,0.2112244428604428
10309,0.34370207609061937
10311,0.3589090720019422
10312,0.1662086390605531
10319,0.30481178260761127
10324,0.8167816415933256
10326,0.2483533390790028
10328,0.1814568910455232
10343,0.2805956575388754
10346,0.3104086132532218
10347,0.4014852111066278
10353,0.09182840439143977
10354,0.7106631719147198
10356,0.31329781253910466
10357,0.49874381887926594
10362,0.3557720565747216
10363,0.5141923937684215
10370,0.7748240221966423
10373,0.37087954156117353
10386,0.22918258902723712
10388,0.4121115788680483
10389,0.3762808259782448
10391,0.8436609952302
10397,0.2703851946656474
10400,0.210281428702901
10403,0.338588555401683
10404,0.35484016994639006
10408,0.19602084915832135
10417,0.39484123554422623
10425,0.30555760794360465
10435,0.706153964201986
10437,0.8583706873314711
10438,0.760449077216295
10440,0.24321704374707143
10442,0.4956143884275132
10447,0.8637249634261995
10452,0.8353461128053926
10453,0.5123561747666225
10454,0.7209044577861102
10459,0.7545033517910211
10460,0.8700413238176271
10463,0.4373767612261217
10465,0.8391667816802582
10469,0.6579484161459452
10474,0.9062299617384694
10475,0.9150018042204442
10476,0.5689390449955652
10477,0.7681601481064357
10480,0.7929532411819202
10491,0.6170760529449976
10493,0.6119915500725216
10494,0.8317839109098886
10495,0.4564601083634798
10497,0.42903548059453755
10501,0.9221220442929898
10504,0.3024586315925101
10507,0.6698180986497434
10509,0.7899569116714886
10510,0.32277346931995926
10512,0.7941132172718556
10514,0.6788697549058359
10526,0.7202404248038516
10528,0.9180694944363053
10530,0.8381554835502186
10531,0.7102705960218209
10532,0.6809292474021043
10538,0.501968384436399
10539,0.3169575764229763
10542,0.19046665718938927
10547,0.2717245779095542
10549,0.41633710698971904
10556,0.41160627033902303
10569,0.27353588557789044
10572,0.2523300295407017
10577,0.3305835739862252
10579,0.3460687952455186
10586,0.8263704481592581
10594,0.5915878364267192
10595,0.682551719046861
10597,0.34508964170062073
10602,0.7920627244012342
10604,0.809016214056377
10614,0.44889406561123846
10617,0.36958071547348426
10618,0.4574964580361369
10619,0.6714423950522812
10624,0.7480915014812778
10633,0.8263704481592581
10634,0.8603721974260122
10635,0.2647241211492417
10638,0.11736937382689594
10639,0.10722292700886356
10642,0.21332672137520992
10643,0.37256124032739235
10645,0.5356033049146728
10646,0.15179076352414717
10649,0.30221360961900917
10652,0.8184477419965845
10653,0.16364300314785346
10654,0.17226969417216192
10661,0.7142803651154823
10664,0.7520525169067326
10668,0.22733990246791794
10670,0.28369959904290243
10674,0.23244463571297308
10683,0.1561229687247967
10694,0.04742108693223606
10697,0.21980463308949302
10699,0.16285639640193586
10701,0.18530921057582053
10703,0.2959696783203121
10713,0.2512458504986457
10714,0.40582052325912227
10716,0.2824240050164842
10717,0.16365872221240807
10719,0.16071578814692494
10725,0.2773177304948969
10728,0.25619884118068753
10734,0.2913627855604759
10738,0.9052720627364056
10740,0.9233521749768496
10742,0.9052720627364056
10756,0.9233521749768496
10757,0.8010563071263773
10758,0.9052720627364056
10761,0.9233521749768496
10762,0.8116406248777234
10773,0.8959796123323958
10778,0.9233521749768496
10781,0.8808502410776667
10791,0.13759328880243463
10792,0.18225956804132695
10796,0.4207553011732804
10797,0.31496014156211133
10801,0.13757261948767277
10804,0.20372065608707188
10806,0.14247388742928063
10807,0.14894844089727588
10816,0.14529993256599477
10820,0.2179109309157012
10828,0.2233970702605623
10836,0.685138728642501
10838,0.8271557506448455
10845,0.8050367405728418
10856,0.8583369102389088
10857,0.3591931694905204
10858,0.7956437717382483
10861,0.622062415007877
10865,0.5961529457345572
10868,0.6856938689101526
10874,0.6502594867387542
10875,0.6124400085224582
